douban_score,publisher,douban_votes,name,authors
8.5, 南海出版公司,380519,解忧杂货店,"[日]
            东野圭吾"
7.2, 北京联合出版公司,11252,沉睡的人鱼之家,"[日]
            东野圭吾"
9.0, 湖南文艺出版社,1757,有匪3,Priest
8.1, 中国友谊出版公司,3712,七根凶简,七根凶简
8.4, 光明日报出版社,78617,悟空传,今何在
9.6, 东方出版社,915,长白秘闻之不咸灵迹,
7.9, 新世界出版社,23731,我的前半生,"[加拿大]
            亦舒"
8.0, 上海译文出版社,229424,挪威的森林,"[日]
            村上春树"
9.2, 重庆出版社,134226,三体Ⅲ,科幻世界
8.7, 南海出版公司,96675,许三观卖血记,余华
9.2, 南海出版公司,143386,白夜行,新经典文化
9.6, 人民文学出版社,165452,红楼梦,中国古典文学读本丛书
8.8, 浙江文艺出版社,36865,月亮与六便士,大星文化
9.0, 南海出版公司,99834,霍乱时期的爱情,"[哥伦比亚]
            加西亚·马尔克斯"
8.5, 人民文学出版社,24928,我的天才女友,"[意]
            埃莱娜·费兰特"
9.1, 南海出版公司,181271,活着,余华
9.0, 人民文学出版社,18128,新名字的故事,"[意]
            埃莱娜·费兰特"
8.3, 人民文学出版社,59128,骆驼祥子,老舍
8.3, 中国友谊出版公司,90342,盗墓笔记,南派三叔
8.8, 人民文学出版社,112945,傲慢与偏见,"[英]
            简·奥斯汀"
8.4, 南海出版公司,107505,恶意,"[日]
            东野圭吾"
8.0, 广西民族出版社,69485,鲁滨逊漂流记,"[英]
            丹尼尔·笛福"
8.2, 北京十月文艺出版社,95311,穆斯林的葬礼,霍达
8.2, 上海人民出版社,153770,达·芬奇密码,"[美]
            丹·布朗"
8.2, 长江文艺出版社,99979,狼图腾,姜戎
9.0, 人民文学出版社,113098,哈利·波特与魔法石,"[英]
            J·K·罗琳"
8.7, 中国友谊出版公司,112442,明朝那些事儿（壹）,当年明月
8.4, 海南出版社,5648,漫长的告别,读客
8.2, 江苏凤凰文艺出版社,71902,无声告白,读客
8.6, 北岳文艺出版社,100475,边城,沈从文
8.8, 理想国丨九州出版社,387,4321,理想国
9.3, 北京十月文艺出版社,70681,1984,"[英]
            乔治·奥威尔"
9.3, 重庆出版社,135347,三体Ⅱ,刘慈欣
8.7, 湖北长江出版集团，长江文艺出版社,28077,流浪地球,刘慈欣科幻系列
8.3, 吉林出版集团有限责任公司,83773,人间失格,草月译谭
9.0, 人民文学出版社,142138,平凡的世界（全三部）,路遥
9.2, 南海出版公司,173586,百年孤独,"[哥伦比亚]
            加西亚·马尔克斯"
8.9, 人民文学出版社,241897,围城,钱钟书
9.2, 99读书人|人民文学出版社,10137,失踪的孩子,99读书人
8.9, 南海出版公司,227021,嫌疑人X的献身,"[日]
            东野圭吾"
9.2, 北京联合出版公司,55192,房思琪的初恋乐园,林奕含
8.8, 重庆出版社,230602,三体,刘慈欣
9.0, 人民文学出版社,320836,小王子,"[法]
            圣埃克苏佩里"
9.1, 南海出版公司,280731,白夜行,"[日]
            东野圭吾"
8.9, 上海人民出版社,398015,追风筝的人,"[美]
            卡勒德·胡赛尼"
8.9, 江苏凤凰文艺出版社,14699,世界的凛冬,"[英]
            肯·福莱特"
8.8, 作家出版社,28240,陆犯焉识,"[美]
            严歌苓"
8.3, 南海出版公司,90748,1Q84 BOOK 1,"[日]
            村上春树"
8.4, 译林出版社,33761,海底两万里,"[法]
            儒尔·凡尔纳"
8.6, 江苏凤凰文艺出版社,5105,圣殿春秋,读客
9.2, 大塊文化,2646,那不勒斯故事四部曲,"[意]
            埃莱娜·费兰特"
8.9, 湖南文艺出版社,4831,如父如子,
8.3, 人民文学出版社,57161,了不起的盖茨比,"[美]
            弗·司各特·菲茨杰拉德"
8.6, 南海出版公司,75919,牧羊少年奇幻之旅,"[巴西]
            保罗·柯艾略"
8.9, 江苏凤凰文艺出版社,1645,我们一无所有,九天译文
8.8, 花城出版社,78973,黄金时代,王小波
8.2, 武汉大学出版社,134107,天才在左 疯子在右,高铭
9.2, 人民文学出版社,71206,三国演义（全二册）,罗贯中
7.6, 江苏凤凰文艺出版社,96050,岛上书店,读客
8.5, 花城出版社,107846,倾城之恋,张爱玲
9.3, 人民文学出版社,18884,围城,
8.1, 民族出版社,40655,步步惊心,桐华
9.2, 天津人民出版社,5691,故事,
8.1, 湖岸出版/外语教学与研究出版社,17317,24个比利,"[美]
            丹尼尔·凯斯"
8.4, 北京联合出版公司,2106,寂寞的游戏,袁哲生
8.4, 华文出版社,39760,此间的少年,江南
8.6, 人民文学出版社,4771,小说课,毕飞宇
9.2, 北京联合出版公司,2273,撒野,
8.6, 长江文艺出版社,6752,乡村教师,刘慈欣
8.7, 译林出版社,403,远处的拉莫,
7.7, 南海出版公司,32242,岛,"[英]
            维多利亚·希斯洛普"
7.1, 春风文艺出版社,154154,梦里花落知多少,郭敬明
8.3, 南海出版公司,10510,新参者,"[日]
            东野圭吾"
8.7, 南海出版公司,15458,一桩事先张扬的凶杀案,"[哥伦比亚]
            加西亚·马尔克斯"
8.5, 作家出版社,9463,俗世奇人,冯骥才
9.5, 重庆出版社,3605,冰与火之歌,"[美]
            乔治·R·R·马丁"
8.6, 广西师范大学出版社,226,是梦,
8.7, 南海出版公司,12848,了不起的盖茨比,"[美]
            弗·司各特·菲茨杰拉德"
7.8, 江苏凤凰文艺出版社,6511,永恒的边缘,"[英]
            肯·福莱特"
8.0, 长江出版社,11617,龙族Ⅱ,江南
9.2, 后浪丨湖南美术出版社,859,追寻逝去的时光·第一卷：去斯万家那边,后浪
8.7, 作家出版社,10272,遥远的救世主,豆豆
8.4, 浙江文艺出版社,557,电幻国度,果麦文化
8.8, 广州出版社 花城出版社,32677,鹿鼎记（全五册）,金庸
9.1, 北京十月文艺出版社,5724,半生缘,张爱玲全集
7.4, 作家出版社,101631,三重门,
8.0, 中信出版集团,273,冷雨,中信·春潮
8.9, 新星出版社,15510,东方快车谋杀案,"[英]
            阿加莎·克里斯蒂"
8.1, 读客图书·江苏凤凰文艺出版社,8180,独居的一年,"[美]
            约翰·欧文"
8.5, 朝华出版社,19326,琅琊榜,海宴
8.6, 上海人民出版社,3345,我脑袋里的怪东西,"[土耳其]
            奥尔罕·帕慕克"
8.4, 北京十月文艺出版社,28217,七夜雪,沧月
8.5, 南海出版公司,17071,没有人给他写信的上校,"[哥伦比亚]
            加西亚·马尔克斯"
9.1, 广西师范大学出版社,8409,孽子,白先勇
8.1, 译林出版社,17806,查令十字街84号,"[美]
            海莲·汉芙"
8.0, 花城出版社,306,考工记,
7.8, 朝华出版社,85563,致我们终将逝去的青春,辛夷坞
8.8, 北京十月文艺出版社,40317,梦里花落知多少,三毛
8.5, 江苏凤凰文艺出版社,2795,罗生门,时代华语
8.4, 江苏凤凰文艺出版社,12085,神们自己,读客
8.8, 后浪丨四川文艺出版社,172,变化的位面,后浪
8.8, 南海出版公司,210,有人在周围走动,新经典文化
9.4, 北京联合出版社,208,长长的回家路,大鱼读品
8.8, 上海译文出版社,22585,不能承受的生命之轻,"[捷克]
            米兰·昆德拉"
7.8, 人民文学出版社,22751,少年维特的烦恼,"[德]
            约翰·沃尔夫冈·冯·歌德"
8.4, 浙江文艺出版社,2178,生吞,郑执
8.9, 陕西师范大学出版社,34543,黄金时代,王小波
7.5, 北京十月文艺出版社,759,暗算,新经典文库·麦家作品集
8.7, 江苏少年儿童出版社,4500,青铜葵花,曹文轩
9.1, 中国青年出版社,58679,沉默的大多数,王小波
9.1, 北京十月文艺出版社,11714,平凡的世界,路遥
8.7, 上海人民出版社,2863,2666,"[智利]
            罗贝托·波拉尼奥"
8.8, 天津人民出版社,7128,月亮和六便士,"[英]
            威廉·萨默塞特·毛姆"
8.3, 上海译文出版社,27962,国境以南 太阳以西,"[日]
            村上春树"
7.8, 安徽文艺出版社,26881,鬼吹灯之龙岭迷窟,天下霸唱
7.8, 译林出版社,36260,当我们谈论爱情时我们在谈论什么,"[美]
            雷蒙德·卡佛"
8.2, 上海译文出版社,16642,十一种孤独,"[美]
            理查德·耶茨"
7.6, 新星出版社,10973,橘子不是唯一的水果,"[英]
            珍妮特·温特森"
9.0, 北京十月文艺出版社,1350,绿毛水怪,新经典文化
7.8, 上海人民出版社,1865,侠隐,世纪文景
8.7, 花城出版社,16249,青铜时代,王小波
7.7, 三联书店,17615,连城诀,金庸
8.0, 黄山书社,2599,帝宴,墨武
8.9, 译林出版社,1954,西线无战事,"[德]
            埃里希·玛丽亚·雷马克"
8.8, 中华书局,2420,山月记,open风度阅读
8.1, 上海文艺出版社,557,空响炮,
7.8, 上海译文出版社,8651,情人,"[法]
            玛格丽特·杜拉斯"
8.0, 中国工人出版社,8388,丰乳肥臀,莫言
8.2, 北京联合出版公司,2209,清明上河图密码5,读客
8.5, 湖南人民出版社,1113,庶女·明兰传1,庶女·明兰传
8.0, 湖南文艺出版社,546,古董局中局1,博集天卷
9.1, 新星出版社,5104,霸王别姬,李碧华
9.2, 人民文学出版社,8520,围城,
7.6, 南海出版公司,19095,单恋,"[日]
            东野圭吾"
8.5, 北京联合出版公司,3447,葡萄牙的高山,"[加拿大]
            扬·马特尔"
7.6, 浙江文艺出版社,3892,克苏鲁神话,果麦文化
8.0, 九州出版社,1555,牛蛙,胡迁
8.8, 北京十月文艺出版社,8323,过于喧嚣的孤独,新经典文化
8.8, 南海出版公司,10164,情书,"[日]
            岩井俊二"
7.1, 南海出版公司,9422,假面饭店,"[日]
            东野圭吾"
7.9, 长江文艺出版社,51303,西决,笛安
8.2, 人民文学出版社,14611,洗澡,杨绛
6.5, 长江文艺出版社,64724,小时代1.0折纸时代,郭敬明
9.5, 江苏凤凰文艺出版社,1613,银河帝国：基地七部曲,读客全球顶级畅销小说文库：阿西莫夫作品
8.8, 机械工业出版社,3660,当尼采哭泣,心理学大师
7.6, 中国青年出版社,4282,红岩,罗广斌
7.8, 南海出版公司,5879,圣女的救济,"[日]
            东野圭吾"
7.6, 南海出版公司,8797,从前我死去的家,"[日]
            东野圭吾"
8.1, 上海译文出版社,21143,寻羊冒险记,"[日]
            村上春树"
9.0, 南海出版公司,3500,白夜行,新经典文库·东野圭吾作品
9.0, 时代文艺出版社,9566,绿毛水怪,王小波
8.0, 南海出版公司,25624,偷书贼,"[澳]
            马克斯·苏萨克"
7.9, 上海文艺出版社,15456,蛙,莫言
7.5, 江苏文艺出版社,13693,香蜜沉沉烬如霜,电线
7.7, 人民文学出版社,11491,童年,"[苏联]
            马克西姆·高尔基"
7.8, 译林出版社,46161,芒果街上的小屋,"[美]
            桑德拉·希斯内罗丝"
7.3, 青岛出版社,6872,情人,"[日]
            渡边淳一"
8.9, 漓江出版社,6579,故事新编,鲁迅作品集
7.9, 江苏凤凰文艺出版社,7135,簪中录,侧侧轻寒
8.5, 中国华侨出版社,2451,赡养人类,刘慈欣
8.3, 南海出版公司,87,时间中的孩子,新经典文化
8.3, 武汉出版社,1878,将夜之花开彼岸天,猫腻
9.2, 上海人民出版社,471,西线无战事,"[德]
            埃里希·玛丽亚·雷马克"
7.5, 南海出版公司,8606,谁杀了她,"[日]
            东野圭吾"
8.4, 上海译文出版社,19542,相约星期二,"[美]
            米奇·阿尔博姆"
6.3, 长江文艺出版社,38015,小时代2.0虚铜时代,郭敬明
9.1, 北京燕山出版社,4964,阿城精选集,阿城
8.9, 中国海关出版社,27324,明朝那些事儿（柒）,明朝那些事儿
8.9, 上海译文出版社,49923,百年孤独,"[哥伦比亚]
            加西亚·马尔克斯"
, 中国友谊出版公司,,一切所遇，欢迎光临,
8.1, 上海译文出版社,13388,厨房,"[日]
            吉本芭娜娜"
8.8, 作家出版社,8757,陆犯焉识,"[美]
            严歌苓"
8.7, ？,2734,六爻,
7.8, 北京十月文艺出版社,1537,解密,麦家
9.0, 广西师范大学出版社,1607,孽子,理想国
7.4, 南海出版公司,18425,分身,"[日]
            东野圭吾"
8.8, 中国友谊出版公司,35747,明朝那些事儿（肆）,当年明月
7.7, 译林出版社,10520,格列佛游记,"[英]
            乔纳森·斯威夫特"
8.5, 广西师范大学出版社·理想国,1325,鳄鱼街,"[波兰]
            布鲁诺·舒尔茨"
8.3, 世纪文景 | 上海人民出版社,348,书楼吊堂,世纪文景
9.2, 江苏凤凰文艺出版社,440,孤城闭,
8.4, 人民文学出版社,2222,洗澡,杨绛
8.0, 人民文学出版社,11954,ABC谋杀案,"[英]
            阿加莎·克里斯蒂"
9.2, 上海译文出版社,3133,纳尔齐斯与歌尔德蒙,"[德]
            赫尔曼·黑塞"
7.9, 南海出版公司,4022,礼拜二午睡时刻,"[哥伦比亚]
            加西亚·马尔克斯"
8.3, 人民文学出版社,5189,大卫·科波菲尔（上下）,"[英]
            狄更斯"
8.8, 广西科学技术出版社,104,遇见你之前,果麦文化
7.5, 天地出版社,4361,遗落的南境1：湮灭,狮鹫文学
8.1, 重庆出版社,9723,心理罪,雷米
8.1, 湖南文艺出版社,8472,长相思,桐华
8.1, 春风文艺出版社,6555,扶桑,"[美]
            严歌苓"
8.6, 世纪文景/上海人民出版社,1284,我的名字叫红,世纪文景
8.1, 广西师范大学出版社,9094,爱的教育,"[意]
            亚米契斯"
9.0, 猫头鹰文化·浙江文艺出版社,2026,刀锋,猫头鹰文化（OWL MEDIA）
8.9, 上海译文出版社,6475,不能承受的生命之轻,"[捷克]
            米兰·昆德拉"
8.9, 上海译文出版社,4409,白痴,"[俄]
            费奥多尔·陀思妥耶夫斯基"
9.2, 人民文学出版社,22883,围城,钱钟书
8.5, 南海出版公司,5537,了不起的盖茨比,新经典文库·桂冠文丛
9.1, 浙江文艺出版社,5618,绿山墙的安妮,"[加拿大]
            露西·莫德·蒙哥玛利"
8.4, 新世界出版社,3095,孤城闭,米兰Lady
9.2, 哈尔滨出版社,43096,撒哈拉的故事,三毛
8.8, 浙江文艺出版社,683,庆熹纪事,
8.6, 译林出版社,7597,少年Pi的奇幻漂流,"[加拿大]
            扬·马特尔"
8.7, 文汇出版社,47,回到故乡的陌生人,读客
7.0, 北京联合出版公司,907,十二个明天,湛庐文化
7.9, 江苏人民出版社,4762,我们,"[俄]
            尤金·扎米亚金"
8.7, 南海出版公司,2133,冷血,"[美]
            杜鲁门·卡波特"
6.6, 新世界出版社,45647,会有天使替我爱你,明晓溪
9.2, 上海译文出版社,1893,杜撰集,博尔赫斯全集
6.2, 百花洲文艺出版社,251,开到荼蘼婚事了,
8.2, 新星出版社,62,日本未来时,幻象文库
8.4, 上海译文出版社,7310,城堡,"[奥地利]
            弗朗茨·卡夫卡"
7.8, 百花洲文艺出版社,61,以你为名的小时光,
7.1, 南海出版社,21769,变身,"[日]
            东野圭吾"
8.5, 人民文学出版社,9910,龙文身的女孩,"[瑞典]
            斯蒂格·拉森"
9.3, 江苏凤凰文艺出版社,123,棠棣王朝,华文天下
7.8, 长江文艺出版社,11671,我不是潘金莲,刘震云
9.0, 南海出版公司,42361,嫌疑人X的献身,新经典文化
9.7, 三秦出版社,915,红楼梦,果麦文化
8.6, 重庆出版社,7295,少年巴比伦,路内
9.2, 作家出版社,477,双城记,当当科文
7.4, 长江文艺出版社,20023,幻城,郭敬明
9.4, 岳麓书社,8386,三国演义,罗贯中
7.5, 上海译文出版社,2376,情人,"[法]
            玛格丽特·杜拉斯"
9.1, 人民文学出版社,8372,霸王别姬,李碧华
8.5, 上海译文出版社,4979,乞力马扎罗的雪,"[美]
            欧内斯特·海明威"
7.7, 译林出版社,930,高堡奇人,菲利普·迪克作品（精装）
8.8, 上海译文出版社,617,莫失莫忘,石黑一雄作品
8.5, 上海译文出版社,291,同情者,
9.5, 东方出版中心,839,四世同堂,老舍
9.1, 人民文学出版社,1384,九州·缥缈录,江南
8.9,,1229,残次品,
8.8, 人民文学出版社,5820,夜航西飞,"[英]
            柏瑞尔·马卡姆"
9.2, 江苏文艺出版社,4956,银河帝国3：第二基地,"[美]
            艾萨克·阿西莫夫"
8.4, 译林出版社,12574,小妇人,"[美]
            路易莎·梅·奥尔科特"
7.8, 南海出版公司,12090,红手指,新经典文化
8.3, 江苏凤凰文艺出版社,195,无尽世界,读客
6.8, 江苏文艺出版社,13428,杉杉来吃,顾漫
7.5, 人民文学出版社,6861,青春咖啡馆,"[法]
            帕特里克·莫迪亚诺"
7.8, 江苏凤凰文艺出版社,4844,沙丘,"[美]
            弗兰克·赫伯特"
6.7, 南海出版公司,3498,假面前夜,"[日]
            东野圭吾"
8.9, 游擊文化,16024,房思琪的初戀樂園,Misfits
8.6, 北京理工大学出版社,6336,美丽新世界,"[英]
            阿道司·赫胥黎"
8.7, 南海出版公司,2970,族长的秋天,"[哥伦比亚]
            加西亚·马尔克斯"
7.9, 威向,824,AWM(絕地求生) 上,AWM(絕地求生)
8.2, 上海译文出版社,2559,卡罗尔,"[美]
            帕特里夏·海史密斯"
9.1, 上海译文出版社,2041,不能承受的生命之轻,"[捷克]
            米兰·昆德拉"
8.7, 新星出版社,2808,第七重解答,"[法]
            保罗·霍尔特"
7.7, 上海译文出版社,15453,且听风吟,"[日]
            村上春树"
8.5, 译林出版社,9294,大教堂,"[美]
            雷蒙德·卡佛"
9.4, 万卷出版公司,18905,1984,"[英]
            乔治·奥威尔"
7.7, 安徽文艺出版社,16274,鬼吹灯Ⅱ之一·黄皮子坟,天下霸唱
7.8, 四川文艺出版社,185,杨天乐买房记,
, 江苏凤凰文艺出版社,,蜜桃味热恋,
7.9, 浙江文艺出版社,249,种玫瑰的男人,
9.3, 江苏文艺出版社,3781,1984,"[英]
            乔治·奥威尔"
7.9, 人民文学出版社,3424,钟鼓楼,茅盾文学奖获奖作品全集
9.4, 中国电影出版社,4038,福尔摩斯探案全集,"[英]
            阿瑟·柯南道尔"
7.4, 湖南文艺出版社,40932,乖，摸摸头,博集天卷
8.2, 上海译文出版社,479,漫长的告别,雷蒙德·钱德勒作品
8.0, 上海文化出版社,18255,盗墓笔记8·大结局（上）,南派三叔
8.0, 新星出版社,3235,青蛇,李碧华
8.3, 北京出版社,3256,人类群星闪耀时,"[奥地利]
            斯蒂芬·茨威格"
8.6, 陕西师范大学出版总社,1524,美丽新世界,"[英]
            阿道司·赫胥黎"
8.4, 译林出版社,1076,查泰莱夫人的情人,"[英]
            D·H·劳伦斯"
9.1, 云南人民出版社,2985,罗生门,
8.0, 安徽文艺出版社,11441,鬼吹灯Ⅱ之四巫峡棺山,天下霸唱
8.5, 黄山书社,5234,未央歌,鹿桥
8.4, 北京十月文艺出版社,2400,怨女,张爱玲
9.1, 天津人民出版社,2079,不成问题的问题,果麦文化
7.8, 四川文艺出版社,2188,龙头凤尾,马家辉
6.8, 南海出版公司,656,学生街的日子,新经典文化
8.9, 人民文学出版社,15737,白鹿原,陈忠实
8.5, 后浪丨四川人民出版社,80,水门的洞口,后浪
8.1, 上海译文出版社,3462,白夜,"[俄]
            费奥多尔·陀思妥耶夫斯基"
8.1, 北京联合出版公司,3331,清明上河图密码 2,冶文彪
9.1, 北京联合出版公司·后浪出版公司,4916,灯塔,"[法]
            克里斯多夫·夏布特"
7.9, 南海出版公司,8502,枯枝败叶,"[哥伦比亚]
            加西亚·马尔克斯"
8.4, 上海人民出版社,9334,伊斯坦布尔,"[土耳其]
            奥尔罕·帕慕克"
7.6, 湖南文艺出版社,765,兰亭序杀局1,兰亭序杀局
5.2, 中国友谊出版公司,530,我们最好的十年,
8.9, 译林出版社,3775,如果在冬夜，一个旅人,"[意]
            伊塔洛·卡尔维诺"
8.6, 武汉出版社,3037,边城,含章文库
8.3, 北京时代华文书局,4309,死亡通知单·暗黑者,周浩晖
9.1, 人民文学出版社,2761,大明王朝1566,刘和平
8.8, 大连理工大学出版社,860,平面国,
9.1, 上海译文出版社,5916,罪与罚,"[俄]
            费奥多尔·陀思妥耶夫斯基"
8.4, 陕西师范大学出版社,5138,天浴,"[美]
            严歌苓"
8.8, 上海译文出版社,5446,鼠疫,"[法]
            阿尔贝·加缪"
8.2, 中信出版社,8197,消失的爱人,"[美]
            吉莉安·弗琳"
8.4, 南海出版公司,7340,时间的针脚,"[西]
            玛丽亚·杜埃尼亚斯"
6.9, 新世界出版社,44779,泡沫之夏,明晓溪
8.8, 上海译文出版社,701,远大前程,"[英]
            查尔斯·狄更斯"
7.6, 漓江出版社,5176,无声的证词,秦明
8.7, 北京十月文艺出版社,28077,倾城之恋,张爱玲
8.5, 南京大学出版社,49,寂寞芳心小姐,南京大学出版社·守望者
9.3, 上海文艺出版社,3195,战争与和平（全四册）,"[俄]
            列夫·托尔斯泰"
8.1, 长江文艺出版社,2015,青衣,毕飞宇
8.2, 北京十月文艺出版社,3320,小团圆,张爱玲
7.3, 春风文艺出版社,71351,1995-2005夏至未至,郭敬明
8.4, 浙江少年儿童出版社,2197,狼王梦,动物小说大王沈石溪·品藏书系
7.1, 南海出版公司,4648,假面饭店,假面系列
8.2, 上海三联书店,10078,伤心咖啡馆之歌,"[美]
            卡森·麦卡勒斯"
7.2, 南海出版公司,6814,平行世界·爱情故事,"[日]
            东野圭吾"
9.0, 新加坡南洋出版社,764,金瓶梅,
8.3, 九州出版社,218,再次进击,
9.7, 上海译文出版社,1504,卡拉马佐夫兄弟,陀思妥耶夫斯基文集
8.5, 江苏凤凰文艺出版社,3064,百年法,"[日]
            山田宗树"
8.2, 百花洲文艺出版社,203,此爱无岸,
8.1, 江苏凤凰文艺出版社,366,万能管家吉夫斯,读客
7.2, 人民文学出版社,4165,暗算,
7.6, 三联书店,17273,雪山飞狐,金庸作品集（三联口袋本）
8.2, 南海出版公司,8440,维罗妮卡决定去死,"[巴西]
            保罗·柯艾略"
8.6, 上海科学普及出版社,6099,带上她的眼睛,刘慈欣
8.2, 江苏凤凰文艺出版社,2230,太年轻,读客
8.2, 上海人民出版社,2964,真幌站前多田便利屋,世纪文景
8.2, 湖南文艺出版社,21691,悟空传,今何在
9.0, 译林出版社,241,五号屠场,冯内古特作品
8.3, 南海出版公司,12489,我的职业是小说家,"[日]
            村上春树"
8.5, 重庆出版社,6918,斜阳,太宰治
8.4, 中国友谊出版公司,26786,盗墓笔记6,南派三叔
9.0, 麥田,1107,以你的名字呼喚我,
7.4, 人民文学出版社,7724,地狱,"[美]
            丹·布朗"
8.6, 北方文艺出版社,6475,万寿寺,王小波
8.6, 上海人民出版社,5078,霍比特人,"[英]
            J·R·R·托尔金"
8.8, 上海译文出版社,8251,野性的呼唤,"[美]
            杰克·伦敦"
8.8, 四川文艺出版社,53,莎拉的钥匙,大鱼读品
9.5, 理想国丨九州出版社,56,孤独及其所创造的,理想国
8.0, 长江文艺出版社,3600,吃瓜时代的儿女们,刘震云
8.5, 二十一世纪出版社,10896,悟空传,今何在
8.9, 浙江文艺出版社,2936,道林·格雷的画像,果麦文化
9.0, 人民文学出版社,5039,卡夫卡小说全集（全三册）,"[奥地利]
            弗朗茨·卡夫卡"
9.2, 译林出版社,2597,基督山伯爵（上下）,译林·名著名译
8.0, 上海译文出版社,17341,东京奇谭集,"[日]
            村上春树"
8.9, 百花洲文艺出版社,103,沙海无门,
8.1, 江苏凤凰文艺出版社,3444,2018,九志天达
8.2, 上海译文出版社,7748,潮骚,"[日]
            三岛由纪夫"
9.1, 上海人民出版社,4549,2001太空漫游,"[英]
            阿瑟·克拉克"
8.6, 译林出版社,3437,烛烬,"[匈牙利]
            马洛伊·山多尔"
8.6, 南海出版公司,3468,古都,"[日]
            川端康成"
9.0, 江苏文艺出版社,3057,京华烟云,林语堂
8.0, 北京十月文艺出版社,13501,色，戒,张爱玲
8.2, 上海译文出版社,8553,爱情笔记,"[英]
            阿兰·德波顿"
8.1, 人民文学出版社,5312,芙蓉镇,古华
8.4, 译林出版社,6109,寻欢作乐,"[英]
            威廉·萨默塞特·毛姆"
8.4, 上海译文出版社,30797,瓦尔登湖,亨利·戴维·梭罗
8.6, 上海译文出版社,11138,不朽,"[捷克]
            米兰·昆德拉"
8.4, 时代文艺出版社,25628,盗墓笔记7,南派三叔
7.4, 生活.读书.新知三联书店,7385,碧血剑,金庸
9.1, 北京联合出版公司,48,I窃星,未读
8.0, 时代文艺出版社,11528,一半是海水一半是火焰,王朔
8.8, 中国海关出版社,27466,明朝那些事儿（陆）,当年明月
8.5, 新星出版社,4835,占星术杀人魔法,
7.5, 长江出版社,3901,浮生物语,裟椤双树
8.7, 译林出版社,1389,爱与黑暗的故事,"[以色列]
            阿摩司·奥兹"
7.5, 中国华侨出版社,385,知否知否应是绿肥红瘦（二）,知否知否应是绿肥红瘦（典藏版）
8.7, 北京联合出版公司,636,艰难的制造,读客·知识小说文库
8.4, 世纪文景/上海人民出版社,1640,屠夫十字镇,"[美]
            约翰·威廉斯"
7.9, 江苏文艺出版社,3821,雪中悍刀行 1,烽火戏诸侯
9.0, 生活·读书·新知三联书店,25915,围城,钱钟书
8.6, 人民文学出版社,9728,尘埃落定,阿来
8.9, 湖南文艺出版社,6433,有匪1,Priest
6.3, 长江文艺出版社,17328,小时代3.0：刺金时代,郭敬明
7.6, 海南出版社,5864,余罪,常书欣
8.4, 中国友谊出版公司,26631,盗墓笔记5,南派三叔
8.0, 百花洲文艺出版社,4498,昭奚旧草,书海沧生
8.4, 浙江文艺出版社,4129,幻影书,"[美]
            保罗·奥斯特"
8.0, 新星出版社,941,凛冬之棺,午夜文库·原创系列
7.3, 花山文艺出版社,5181,微微一笑很倾城（典藏版）,顾漫
8.4, 青岛出版社,3640,打火机与公主裙·荒草园,Twentine
8.7, 上海译文出版社,10609,银河系搭车客指南,银河系搭车客指南五部曲
8.8, 作家出版社,865,小姨多鹤,严歌苓长篇精品
8.1, 北京十月文艺出版社,1837,一半是火焰 一半是海水,新经典文化
7.4, 世纪文景 | 上海人民出版社,751,高山上的小邮局,世纪文景
8.7, 江苏凤凰文艺出版社,67,我们在哈瓦那的人,读客
9.1, 漓江出版社,2668,地下室手记,外国文学名著名译丛书
9.3, 浙江文艺出版社,39,一片树叶的颤动,可以文化
7.0, 当代世界出版社,40119,左耳,饶雪漫
8.4, 江苏文艺出版社,3506,神的九十亿个名字,"[英]
            阿瑟·克拉克"
8.7, 生活·读书·新知三联书店,8625,人·兽·鬼,钱钟书
9.7, 浙江文艺出版社,221,思念成城,
7.2, 生活·读书·新知三联书店,7525,书剑恩仇录,金庸作品集（三联版）
8.8, 外语教学与研究出版社,29,凝视太阳,互文
7.7, 北京联合出版公司,3697,奇迹,
7.5, 万卷出版公司,53064,他的国,韩寒
8.0, 南海出版公司,2469,秘密,"[日]
            东野圭吾"
7.7, 长江文艺出版社,16743,夏至未至,郭敬明
8.5, 人民文学出版社,21158,哈姆莱特,"[英]
            威廉·莎士比亚"
7.9, 人民日报出版社,352,贵婉日记,
8.5, 上海译文出版社,932,纳博科夫短篇小说全集,"[美]
            弗拉基米尔·纳博科夫"
8.5, 南海出版公司,19937,恶意,加贺探案集
9.3, 上海人民出版社,1801,2001：太空漫游,"[英]
            阿瑟·克拉克"
7.1, 湖南文艺出版社,49,时间杀手,
9.3, 广西师范大学出版社,1074,生活与命运,理想国
8.9, 江苏凤凰文艺出版社,372,童年的终结,读客
9.0, 江苏文艺出版社,8662,银河帝国：基地,"[美]
            艾萨克·阿西莫夫"
8.1, 青海人民出版社,10903,诛仙,箫鼎
8.8, 译林出版社,6187,不存在的骑士,"[意]
            伊塔洛·卡尔维诺"
8.1, 南京大学出版社,11101,刺猬的优雅,"[法]
            妙莉叶·芭贝里"
7.2, 百花洲文艺出版社,138,挚野,
7.8, 北京十月文艺出版社,4608,镜花缘,
7.6, 文化艺术出版社,27177,失乐园,渡边淳一作品
8.1, 新星出版社,4528,一首小夜曲,"[日]
            伊坂幸太郎"
7.5, 南海出版公司,23747,宿命,"[日]
            东野圭吾"
7.5, 平心工作室,1057,人渣反派自救系統 上,墨香铜臭
8.5, 江苏文艺出版社,2221,教父3,马里奥·普佐作品集
8.0, 译林出版社,8861,发条橙,"[英]
            安东尼·伯吉斯"
8.0, 重庆出版社,8163,心理罪,雷米
7.6, 吉林出版集团,5504,乌克兰拖拉机简史,"[英]
            玛琳娜·柳薇卡"
, 江苏凤凰文艺出版社,,有鹤鸣夏3,
9.1, Knopf Books for Young Readers,3424,Flipped,Wendelin Van Draanen
8.2, 新星出版社,285,天边一星子,
8.2, 中国工人出版社,12358,金陵十三钗,"[美]
            严歌苓"
7.9, 百花洲文艺出版社,3317,世界微尘里,木浮生
7.6, 湖南文艺出版社,1634,招摇,
7.5, 重庆出版社,18296,藏地密码1,何马
8.9, 人民文学出版社,1644,尘埃落定,阿来
9.0, 新星出版社,49,野心博物馆,
8.7, 南海出版公司,4998,爱情和其他魔鬼,"[哥伦比亚]
            加西亚·马尔克斯"
8.1, 译林出版社,58,捎话,
8.1, 后浪丨江西人民出版社,2315,活下去的理由,后浪
9.3, 中信出版集团,40,缓刑时刻,三辉图书
8.3, 人民文学出版社,15551,双城记,"[英]
            查尔斯·狄更斯"
7.5, 译林出版社,95,沃普萧纪事,约翰·契弗作品
9.2, 中华书局,1014,水浒传,罗贯中
7.1, 北京联合出版公司,2787,我在未来等你,
9.0, 上海译文出版社,3708,鼠疫,加缪作品
8.8, 上海译文出版社,3820,喧哗与骚动,"[美]
            威廉·福克纳"
6.4, 湖北少儿出版社,2431,斗破苍穹,天蚕土豆
9.1, 上海文艺出版社,2731,人鼠之间,"[美]
            John Steinbeck"
9.8, 理想国丨广西师范大学出版社,63,英国特工阿申登,理想国
9.0, 译林出版社,14925,金色梦乡,"[日]
            伊坂幸太郎"
8.3, 博集天卷 | 湖南文艺出版社,997,知更鸟,"[挪威]
            尤·奈斯博"
8.8, 作家出版社,27494,苏菲的世界,"[挪威]
            乔斯坦·贾德"
8.4, 北京联合出版公司,921,黑暗的左手,"[美]
            厄休拉·勒古恩"
9.4, 译林出版社,166,九故事,塞林格作品集
7.4, 浙江少年儿童出版社,1269,查理九世1·黑贝街的亡灵,雷欧幻像
9.4, 上海译文出版社,10636,一九八四,译文经典（精装本）
8.1, 人民文学出版社,8798,生死场,萧红
9.2, 吉林出版集团有限责任公司,3637,海伯利安,读客
7.1, 北京出版社,14574,废都,贾平凹
7.5, 南海出版公司,2087,放学后,新经典文库·东野圭吾作品
7.4, 生活·读书·新知三联书店,10543,侠客行,金庸作品集（三联版）
9.0, 生活·读书·新知三联书店,15278,射雕英雄传,金庸作品集（三联版）
9.2, 皇冠,961,13 67,陳浩基作品
9.7, 人民文学出版社,710,悲惨世界,名著名译丛书
8.8, 上海译文出版社,7137,罗生门,"[日]
            芥川龙之介"
7.4, 平心出版,1118,天官賜福 一,天官賜福
8.4, 上海译文出版社,14339,了不起的盖茨比,译文名著文库
8.2, 作家出版社,10432,生死疲劳,莫言
9.2, 百花洲文艺出版社,1177,怦然心动,"[美]
            文德琳·范·德拉安南"
7.6, 北京联合出版公司,1797,橘子不是唯一的水果,"[英]
            珍妮特·温特森"
8.2, 中国友谊出版公司,37884,盗墓笔记2,南派三叔
8.9, 世纪文景/上海人民出版社,1602,指匠,世纪文景
7.5, 文汇出版社,2701,必须找到阿历克斯,读客全球顶级畅销小说文库：皮耶尔·勒迈特作品
8.0, 南京大学出版社,28400,最初的爱情 最后的仪式,"[英]
            伊恩·麦克尤恩"
8.4, 中国友谊出版公司,33602,盗墓笔记3,南派三叔
8.6, 上海译文出版社,3986,都柏林人,"[爱尔兰]
            詹姆斯·乔伊斯"
8.5, 湖南文艺出版社,70,你是这世界，写给我的情书,爱格
8.7, 中信出版集团,463,企鹅经典：小黑书 第一辑,
7.8, 理想国 | 广西师范大学出版社,922,一些时刻,理想国
8.5, 译林出版社,6489,鼠疫,"[法]
            阿尔贝·加缪"
6.5, 江苏凤凰文艺出版社,225,时光隔山海,
8.6, オークラ出版,450,夏肌の体温,"[日]
            松崎司"
9.0, 上海译文出版社,2731,沙之书,博尔赫斯全集
7.5, 重庆出版社,8162,超新星纪元,刘慈欣
7.1, 百花洲文艺出版社,11687,他来了，请闭眼,丁墨
8.9, 中国友谊出版公司,39124,明朝那些事儿（叁）,当年明月
8.7, 生活·读书·新知三联书店,14319,倚天屠龙记,金庸作品集（三联版）
7.9, 南海出版公司,5978,彷徨之刃,新经典文库·东野圭吾作品
7.9, 上海译文出版社,4383,小夜曲,"[英]
            石黑一雄"
7.2, 北京联合出版公司,10260,孤独小说家,"[日]
            石田衣良"
8.6, 人民文学出版社,16102,达·芬奇密码,"[美]
            丹·布朗"
7.7, 浙江文艺出版社,1819,人间失格,经典印象·小说名作坊
8.3, 上海译文出版社,22963,舞！舞！舞！,"[日]
            村上春树"
9.0, 上海译文出版社,28506,傲慢与偏见,"[英]
            简·奥斯汀"
8.0, 译林出版社,16337,堂吉诃德,
9.4, 理想国丨广西师范大学出版社,117,我忏悔,理想国
9.0, 上海译文出版社,6259,象棋的故事,"[奥地利]
            斯蒂芬·茨威格"
9.2, 重庆出版社,2542,源泉,"[美]
            安·兰德"
8.8, 北京联合出版公司,1311,赴宴之前,"[英]
            威廉·萨默塞特·毛姆"
8.2, 南海出版公司,6105,千只鹤,"[日]
            川端康成"
8.9, 北京十月文艺出版社,8320,边城,沈从文
8.4, 生活·读书·新知三联书店,81384,向左走·向右走,幾米
8.9, 译林出版社,10098,火星救援,"[美]
            安迪·威尔"
9.1, 广西师范大学出版社,3614,台北人,理想国
7.2, 太白文艺出版社,8494,斗罗大陆（全14卷）,唐家三少
8.5, 作家出版社,12795,兄弟,余华
8.6, 百花洲文艺出版社,60,爱人消失的那一天,
8.9, 上海译文出版社,8598,香水,"[德]
            帕·聚斯金德"
8.1, 吉林出版集团有限责任公司,11553,橘生淮南·暗恋,八月长安
9.5, 译林出版社,307,杀死一只知更鸟,译林纪念版
8.9, 南海出版公司,2898,月亮与六便士,毛姆经典作品集
8.8, 译林出版社,4750,奇风岁月,"[美]
            罗伯特·麦卡蒙"
8.8, 四川科学技术出版社,15538,银河系漫游指南,"[英]
            道格拉斯·亚当斯"
7.9, 人民文学出版社,8113,北鸢,葛亮
9.1, 四川文艺出版社,68,南荣家的越,
8.1, 人民文学出版社,6151,推拿,毕飞宇
7.7,,521,多米诺杀阵,成刚
8.0, 人民文学出版社,10783,高老头,"[法]
            巴尔扎克"
8.3, 九州出版社,82,旱魃,理想国
8.1, 北京联合出版公司,517,时光边缘的男人,大鱼读品
8.7, 译林出版社,1760,第二十二条军规,译林纪念版
8.7, 河南文艺出版社,10479,大秦帝国,孙皓晖
8.5, 未读·文艺家·北京联合出版社公司,227,艾莉诺好极了,未读·文艺家
8.8, 武汉大学出版社,33,愚人学校,鹿书deerbook
7.4, 百花洲文艺出版社,1205,那不勒斯的萤火,
7.8, 陕西师范大学出版社,91086,杜拉拉升职记,李可
7.2, 湖南文艺出版社,8700,尸语者,秦明
8.7, 译林出版社,7231,布鲁克林有棵树,贝蒂·史密斯
8.2, 长江文艺出版社,33156,大地之灯,七堇年
8.3, 人民文学出版社,4625,儒林外史,吴敬梓
8.3, 译林出版社,18448,朗读者,"[德]
            本哈德·施林克"
9.6, 上海文艺出版社,164,苗疆道事,牧神文化
7.8, 人民文学出版社,27342,欧也妮·葛朗台,中学生课外文学名著必读
8.3, 作家出版社,1777,天幕红尘,豆豆
8.8, 中国友谊出版公司,32547,明朝那些事儿（伍）,当年明月
8.2, 北京联合出版公司,1907,比海更深,"[日]
            是枝裕和"
7.6, 湖南文艺出版社,18539,三生三世 枕上书,唐七公子
7.2, 北京十月文艺出版社,10787,人民的名义,周梅森
8.5, 理想国丨广西师范大学出版社,380,光年,理想国
8.8, 湖南文艺出版社,4304,告白,博集天卷
8.7, 译林出版社,7516,分成两半的子爵,"[意]
            伊塔洛·卡尔维诺"
8.9, 上海译文出版社,5275,春雪,"[日]
            三岛由纪夫"
8.5, 上海文艺出版社,3582,编舟记,"[日]
            三浦紫苑"
9.0, 人民文学出版社,37325,格林童话全集,"[德]
            格林兄弟"
9.4, 理想国丨九州出版社,36,水妖,理想国
8.4, 中国友谊出版公司,31168,盗墓笔记4,南派三叔
7.2, 江苏文艺出版社,2223,小女花不弃,桩桩
9.1, 上海人民出版社,18774,动物庄园,
8.8, 天津人民出版社,3032,局外人,"[法]
            阿尔贝·加缪"
8.0, 重庆出版社,11912,心理罪,雷米
7.6, 南海出版公司,12467,眠,"[德]
            卡特·曼施克 图"
7.8, 浙江文艺出版社,5228,我是猫,"[日]
            夏目漱石"
8.7, 南海出版公司,3924,梦中的欢快葬礼和十二个异乡故事,"[哥伦比亚]
            加西亚·马尔克斯"
6.9, 天津人民出版社,4101,了不起的盖茨比,果麦文化
9.3, 上海译文出版社,6110,动物农场,译文经典（精装本）
8.0, 重庆出版社,8485,二号首长,黄晓阳
8.9, 人民文学出版社,27275,浮生六记,
8.3, 江苏凤凰文艺出版社,89,永恒火焰,读客
7.4, 中国言实出版社,223,路漫漫其叔远,
7.7, 沈阳出版社,15968,何以笙箫默,顾漫
8.5, 上海译文出版社,10560,老人与海,"[美]
            欧内斯特·海明威"
7.7, 北京联合出版公司,2001,古董局中局,马伯庸
6.8, 中信出版社,20941,别相信任何人,S.J.沃森悬疑惊悚系列
8.9, 新经典文化/北京十月文艺出版社,1716,黄金时代,新经典文化
7.7, 南海出版公司,27817,流星之绊,"[日]
            东野圭吾"
7.6, 中国工人出版社,202,暖气,豆瓣方舟文库·悬疑推理
7.8, 南海出版公司,13832,彷徨之刃,"[日]
            东野圭吾"
7.8, 长江出版社,5400,龙族Ⅲ,江南
7.7, 北京联合出版公司,4378,美国众神,"[英]
            尼尔·盖曼"
8.6, 天津人民出版社,1138,红与黑,"[法]
            司汤达"
9.3, 天津人民出版社,2341,悉达多,果麦文化
9.2, 人民文学出版社,45880,安徒生童话故事集,"[丹麦]
            汉斯·克里斯蒂安·安徒生"
6.9, 江苏文艺出版社,880,良辰多喜欢2,
8.4, 天津人民出版社,3727,人间失格,太宰治
8.3, 长江文艺出版社,764,流浪地球,
9.0, 上海译文出版社,1384,美丽新世界,"[英]
            阿道司·赫胥黎"
7.8, 基本書坊,121,軍犬,
8.6, 重庆出版社,3394,阿特拉斯耸耸肩（上下）,"[美]
            安·兰德"
8.4, 南海出版公司,55941,1Q84 BOOK 2,"[日]
            村上春树"
8.6, 湖南文艺出版社,1002,显微镜下的大明,博集天卷
9.0, 生活·读书·新知三联书店,9495,鹿鼎记,金庸
7.0, 99读书人|人民文学出版社,2615,本源,99读书人
7.7, 新星出版社,278,日本合众国,幻象文库
, 江苏凤凰文艺出版社,,丝丝入口,
7.9, 沈阳出版社,73272,三生三世 十里桃花,唐七公子
7.9, 译林出版社,3959,信,"[日]
            东野圭吾"
7.3, 化学工业出版社,6944,湖畔,"[日]
            东野圭吾"
7.9, 译林出版社,12294,我是猫,"[日]
            夏目漱石"
7.0, 北京十月文艺出版社,1408,悲剧人偶,新经典文库·东野圭吾作品
9.1, 上海译文出版社,5037,来自新世界 （上下）,"[日]
            贵志祐介"
8.1, 人民文学出版社,16046,雪国,"[日]
            川端康成"
8.4, 低音·北京联合出版公司,54,丝,联合低音
8.9, 长江文艺出版社,3752,一句顶一万句,刘震云
8.3, 辽宁人民出版社,121,人不彪悍枉少年,
8.3, 新星出版社,5537,ABC谋杀案,午夜文库·大师系列：阿加莎·克里斯蒂作品
7.8, 上海译文出版社,41015,在路上,"[美]
            杰克·凯鲁亚克"
8.3, 云南人民出版社,2358,歃血1,墨武
7.4, 长江出版社,1176,百妖谱,裟椤双树
8.3, 湖南文艺出版社,84,我发现了,大鱼文库
9.0, 上海人民出版社,9012,德米安,"[德]
            赫尔曼·黑塞"
9.2, 人民文学出版社,876,围城,
2.2, 中信出版集团,781,天才打字机,
8.5, 上海译文出版社,24493,海边的卡夫卡,"[日]
            村上春树"
8.8, 上海锦绣文章出版社,50303,爱你就像爱生命,李银河
7.4, 北京十月文艺出版社,143,中年妇女恋爱史,
8.3, 读客图书·江苏凤凰文艺出版社,1839,人间失格,读客
7.6, 南海出版公司,6784,时生,"[日]
            东野圭吾"
8.9, 解放军文艺出版社,14606,亮剑,都梁
7.6, 南海出版公司,38833,1Q84 BOOK 3,"[日]
            村上春树"
8.5, 万卷出版公司,15285,上海堡垒,江南
7.2, 上海文艺出版社,396,天涯双探,读客
8.4, 上海译文出版社,26239,生活在别处,"[捷克]
            米兰·昆德拉"
8.4, 上海人民出版社,1214,横道世之介,世纪文景
8.1, 人民文学出版社,29260,天使与魔鬼,"[美]
            丹·布朗"
8.1, 江苏凤凰文艺出版社,621,既生魄,
7.5, 长江出版社,4642,哑舍,玄色
7.9, 湖南文艺出版社,9903,暗恋·橘生淮南,八月长安
8.8, 译林出版社,29186,看不见的城市,"[意]
            伊塔洛·卡尔维诺"
8.6, 新星出版社,6901,尼罗河上的惨案,午夜文库·大师系列：阿加莎·克里斯蒂作品
9.2, Macmillan USA,1894,Call Me by Your Name,
6.7, 湖南文艺出版社,9623,十宗罪,蜘蛛
7.9, 后浪 | 四川人民出版社,897,台风天,后浪
8.6, 上海译文出版社,4826,到灯塔去,"[英]
            弗吉尼亚·伍尔夫"
8.7, 译林出版社,5016,仿生人会梦见电子羊吗？,"[美]
            菲利普·迪克"
8.0, 江苏凤凰文艺出版社,7323,恋情的终结,格雷厄姆·格林
8.0, 上海译文出版社,16845,质数的孤独,"[意]
            保罗·乔尔达诺"
7.8, 北京联合出版公司,1476,古董局中局 大全集,读客
8.1, 作家出版社,20853,云中歌1,桐华
6.6, 作家出版社,10912,梦幻花,
9.4, 北京联合出版公司,108,诗人,新经典文化
7.9, 上海人民出版社/世纪文景,6442,侠隐,世纪文景
9.0, 江苏少年儿童出版社,9930,草房子,曹文轩
7.9, 浦睿文化·湖南文艺出版社,6720,坏小孩,浦睿文化
8.1, 人民文学出版社,37400,时间旅行者的妻子,"[美]
            奥德丽·尼芬格"
7.6, 海口-南海出版社,17395,白马啸西风,
8.2, 百花洲文艺出版社,6000,萤火虫小巷,"[美]
            克莉丝汀·汉娜"
7.8, 长江出版社,8424,龙族Ⅲ,江南
8.5, 人民文学出版社,11782,沧浪之水,阎真
7.9, 安徽文艺出版社,23479,鬼吹灯之昆仑神宫,鬼吹灯
7.8, 上海译文出版社,3894,被掩埋的巨人,石黑一雄作品
8.0, 人民文学出版社,16934,复活,"[俄]
            列夫·托尔斯泰"
7.6, 江苏文艺出版社,16244,十年一品温如言,
7.0, 北京联合出版公司,4244,白金数据,"[日]
            东野圭吾"
8.7, 译林出版社,3168,仿生人会梦见电子羊吗？,"[美]
            菲利普·迪克"
8.3, 南海出版公司,830,大雪将至,青橙文化
8.9, 中国友谊出版公司,47180,明朝那些事儿（贰）,当年明月
8.6, 广西师范大学出版社,10180,纽约客,白先勇
7.7, 云南人民出版社,4816,独家记忆,木浮生
9.0, 南海出版公司,793,情书,新经典文库·岩井俊二作品
, 江苏凤凰文艺出版社,,时有微凉,
9.0, 南海出版公司,4080,骆驼祥子,老舍
8.6, 北京十月文艺出版社,4147,人生,路遥
9.0, 河南大学出版社,1082,小说机杼,"[英]
            詹姆斯·伍德"
8.3, 南海出版公司,4994,漫长的告别,"[美]
            雷蒙德·钱德勒"
8.8, 未读·文艺家·北京联合出版公司,2236,醒来的女性,未读
6.4, 江苏凤凰文艺出版社,8559,孤独深处,郝景芳
8.4, 天海文化,1546,流浪地球,
8.3, 上海译文出版社,7487,蝇王,"[英]
            威廉·戈尔丁"
8.4, 中国文联出版社,6212,全频带阻塞干扰,刘慈欣
8.0, 上海译文出版社,63,黑塞童话集,黑塞文集（精装）
7.9, 上海人民出版社,23447,我的名字叫红,"[土耳其]
            奥尔罕·帕慕克"
8.1, 北京十月文艺出版社,25304,穆斯林的葬礼,霍达
8.9, 人民文学出版社,14123,彷徨,鲁迅
9.1, 江苏文艺出版社,2712,棋王·树王·孩子王,阿城
8.2, 作家出版社,14868,檀香刑,莫言
8.5, 南海出版公司,5103,米格尔街,"[英]
            V.S.奈保尔"
7.9, 安徽文艺出版社,12185,鬼吹灯Ⅱ之三·怒晴湘西,天下霸唱
8.8, 百花洲文艺出版社,171,抚生·孤暮朝夕,白马时光
8.6, 江苏文艺出版社,6774,那个不为人知的故事,Twentine
7.8, 南海出版社,7182,苦妓回忆录,"[哥伦比亚]
            加西亚·马尔克斯"
8.6, 作家出版社,10982,第九个寡妇,"[美]
            严歌苓"
8.1, 江苏文艺出版社,4530,神经漫游者,"[美]
            威廉·吉布森"
8.3, 新星出版社,22970,占星术杀人魔法,"[日]
            岛田庄司"
8.0, 花山文艺出版社,19832,后宫·甄嬛传Ⅰ,流潋紫
9.0, Knopf,991,Bad Blood,
7.4, 二十一世纪出版社,55374,一座城池,韩寒
9.1, 九州出版社,233,铁浆,理想国
8.4, 时代文艺出版社,1331,月亮和六便士,
7.4, 南海出版公司,2426,黎明之街,"[日]
            东野圭吾"
9.1, 人民文学出版社,8941,城南旧事,林海音
8.0, 南海出版公司,3994,流星之绊,新经典文库·东野圭吾作品
9.3, 上海译文出版社,28090,一九八四·动物农场,"[英]
            乔治·奥威尔"
8.7, 齐鲁出版社,5952,金瓶梅,明代四大奇书
8.8, 后浪丨四川人民出版社,861,太古和其他的时间,后浪
7.4, 上海文艺出版社,39923,兄弟（下）,余华
9.0, 时代文艺出版社,858,一个陌生女人的来信,
7.1, 湖南文艺出版社,5485,笑场,博集天卷
8.4, 长江文艺出版社,3967,你好，旧时光,八月长安
8.0, 猫头鹰文化·北京联合出版公司,274,夜行,猫头鹰文化
9.4, 漓江出版社,44,阳台故事集,拾珍译丛
9.0, 上海译文出版社,2511,月亮和六便士,毛姆文集（精装）
8.3, 上海人民出版社,1708,邻人之妻,世纪文景
8.6, 世纪文景/上海人民出版社,817,智利之夜,世纪文景
8.6, 人民文学出版社,22355,一千零一夜,名著名译插图本
7.3, 湖南人民出版社,7246,无证之罪,浦睿文化
8.9, 人民文学出版社,19755,罗杰疑案,"[英]
            阿加莎·克里斯蒂"
9.2, 花城出版社,18837,夹边沟记事,
7.6, 北京十月文艺出版社,43616,小团圆,张爱玲
8.4, 江苏凤凰文艺出版社,6555,时间移民,刘慈欣
7.7, 北京联合出版公司,14800,失乐园,"[日]
            渡边淳一"
8.4, 花城出版社,20461,白银时代,王小波
9.3, 上海译文出版社,27409,一九八四,"[英]
            乔治·奥威尔"
8.1, 湖南文艺出版社,13062,雪人,"[挪威]
            尤·奈斯博"
8.6, 北京联合出版公司,2094,默读.2,默读
8.9, 湖南文艺出版社,2733,有匪（全集）,Priest
7.4, 广东旅游出版社,285,楚楚很动人2,楚楚很动人
7.9, 天津人民出版社,286,面具后的女人,果麦文化
8.4, 中国华侨出版社,2495,流浪地球,刘慈欣
8.4, 上海译文出版社,1461,华氏451,"[美]
            雷·布拉德伯里"
8.9, 理想国 | 广西师范大学出版社,2699,鱼王,"[俄]
            维克托·阿斯塔菲耶夫"
8.3, 上海译文出版社,3288,使女的故事,阿特伍德文集
8.0, 北京联合出版公司,193,十二个圣诞故事,
8.2, 上海文艺出版社,24044,妻妾成群,苏童
8.9, 上海译文出版社,7335,小径分岔的花园,博尔赫斯全集
8.3, 北京出版集团北京十月文艺出版社,158,吃麻雀的少女,新经典文化
7.7, 湖南文艺出版社,4761,长安十二时辰 下,博集天卷
8.5, 陕西师范大学出版社,26125,京华烟云,林语堂
8.3, 上海人民出版社,4753,地球上最后的夜晚,"[智利]
            罗贝托·波拉尼奥"
7.1, 广东旅游出版社,167,青梅七分甜,
8.0, 人民文学出版社,16749,包法利夫人,名著名译插图本
7.3, 民主与建设出版社,297,君子报恩2,
8.4, 南海出版公司,20392,新参者,新经典文化
8.1, 长江文艺出版社,35149,东霓,笛安
8.7, 北京十月文艺出版社,7024,红玫瑰与白玫瑰,张爱玲
8.2, 长江出版社,7395,龙族Ⅲ,江南
7.8, 上海译文出版社,47646,且听风吟,"[日]
            村上春树"
8.0, 作家出版社,82829,莲花,安妮宝贝（庆山）
7.4, 湖南文艺出版社,44,世界诞生于午夜,大鱼文库
6.2, 北京十月文艺出版社,1296,景恒街,新经典文化
7.0, 春风文艺出版社,95998,幻城,郭敬明
9.5, 北京十月文艺出版社,2570,活着,新经典文化
8.6, 作家出版社,20861,小姨多鹤,"[美]
            严歌苓"
8.5, 上海译文出版社,30449,香水,"[德]
            帕·聚斯金德"
8.2, 南海出版公司,26663,没有色彩的多崎作和他的巡礼之年,新经典文化
8.6, 時報文化,19294,告白,"[日]
            凑佳苗"
9.0, 北京联合出版公司,2567,大江东去,读客
7.6, 江苏凤凰文艺出版社,1746,北欧众神,读客
9.1, 上海文艺出版社,82478,活着,余华
9.0, 上海译文出版社,6095,荒原狼,"[德]
            赫尔曼·黑塞"
7.7, 浙江文艺出版社,149,婚姻中的陌生人,可以文化
8.7, 青马文化  新星出版社,395,一瓣河川,青马文化
8.6, 上海译文出版社,29738,世界尽头与冷酷仙境,"[日]
            村上春树"
8.2, 花山文艺出版社,30332,那些年，我们一起追的女孩,九把刀
8.6, 江苏文艺出版社,19215,红拂夜奔,王小波
8.7, 人民文学出版社,24314,尼罗河上的惨案,"[英]
            阿加莎·克里斯蒂"
9.1, 译林出版社,14289,树上的男爵,卡尔维诺经典
8.3, 东方出版社,31237,匆匆那年（上下）,九夜茴
9.2, 译林出版社,2383,追忆似水年华,"[法]
            马塞尔·普鲁斯特"
8.3, 南海出版公司,793,无理时代,新经典文化
9.0, 译林出版社,1023,爱与黑暗的故事,阿摩司·奥兹作品
8.4, 百花文艺出版社,4813,平原上的摩西,青橙文化
7.7, 北京联合出版公司,9299,古董局中局 3,马伯庸
9.0, 译林出版社,9992,看不见的城市,"[意]
            伊塔洛·卡尔维诺"
8.6, 上海译文出版社,7003,玫瑰的名字,"[意]
            翁贝托·埃科"
8.6, 新经典文化/南海出版公司,2441,毒木圣经,新经典文化
8.7, 文治图书·四川文艺出版社,2370,被嫌弃的松子的一生,文治图书
8.7, 人民文学出版社,2905,奇迹男孩,99读书人
7.0, 四川文艺出版社,5966,宇宙超度指南,博集天卷
6.2, 百花洲文艺出版社,4467,摆渡人2重返荒原,"[英]
            克莱儿·麦克福尔"
8.2, 理想国|广西师范大学出版社,3406,飞行家,双雪涛
8.0, 上海人民出版社,7687,纯真博物馆,"[土耳其]
            奥尔罕·帕慕克"
9.0, 北京十月文艺出版社,8873,额尔古纳河右岸,迟子建
9.2, 漓江出版社,6502,受戒,汪曾祺
9.0, 上海译文出版社,14579,人生的枷锁,"[英]
            威廉·萨默塞特·毛姆"
8.3, 中信出版集团,1149,三万英尺,
8.3, 重庆出版社,10183,禅与摩托车维修艺术,"[美]
            罗伯特·M·波西格"
8.9, 生活·读书·新知三联书店,86903,万历十五年,"[美]
            黄仁宇"
8.7, 作家出版社,16455,棋王,阿城
8.1, 南海出版公司,5683,红手指,"[日]
            东野圭吾"
7.7, 南海出版公司,16656,祈祷落幕时,新经典文库·东野圭吾作品
7.9, 译林出版社,56552,麦田里的守望者,J·D·塞林格
9.2, 上海文艺出版社,4217,安娜·卡列尼娜,"[俄]
            列夫·托尔斯泰"
7.3, 新世界出版社,21075,东宫,匪我思存
7.8, 中信出版集团,4669,S.,
8.7, 人民文学出版社,36064,朝花夕拾,鲁迅
8.5, 三采文化出版事業有限公司,4539,海棠依舊: 知否? 知否? 應是綠肥紅瘦 卷一,關心則亂
8.5, 上海三联书店,25128,心是孤独的猎手,"[美]
            卡森·麦卡勒斯"
8.0, 安徽文艺出版社,29277,鬼吹灯之云南虫谷,天下霸唱
8.9, 南海出版公司,1873,南方高速,"[阿根廷]
            胡里奥·科塔萨尔"
8.8, 新世界出版社,22433,九州·缥缈录,江南
9.1, 江苏凤凰文艺出版社,552,至尊红娘,
9.3, 北京十月文艺出版社,7803,四世同堂,老舍
8.8, 北方文艺出版社,40279,一只特立独行的猪,王小波
9.0, 重庆出版社,5889,源泉,"[美]
            安·兰德"
6.7, 百花洲文艺出版社,3651,你和我的倾城时光,丁墨
8.3, 上海文艺出版社,7524,蛙,莫言
9.0, 译林出版社,7703,傲慢与偏见,"[英]
            简·奥斯汀"
8.7, 北京联合出版公司,1233,默读.3,默读
7.4, 江苏文艺出版社,10679,古董局中局 2,读客
8.6, 人民文学出版社,31305,雷雨,曹禺
9.2, 江西人民出版社,3694,人性的枷锁,果麦文化
8.3, 南海出版公司,18031,在细雨中呼喊,余华
9.3, 重庆出版社,26562,冰与火之歌（卷一）,"[美]
            乔治·R·R·马丁"
9.0, 上海译文出版社,5337,局外人,加缪作品
8.8, 人民文学出版社,10398,罪与罚,"[俄]
            费奥多尔·陀思妥耶夫斯基"
8.6, 中国友谊出版公司,7629,请以你的名字呼唤我,"[美]
            安德烈·艾席蒙"
7.6, 上海译文出版社,77050,一个人的好天气,"[日]
            青山七惠"
9.2, 浙江文艺出版社,8270,博尔赫斯小说集,"[阿根廷]
            豪·路·博尔赫斯"
8.6, 上海译文出版社,14168,金阁寺,"[日]
            三岛由纪夫"
8.5, 作家出版社,7103,在细雨中呼喊,余华作品（2012版）
7.8, 新星出版社,12249,余生皆假期,"[日]
            伊坂幸太郎"
8.6, 当代世界出版社,27590,ZOO,"[日]
            乙一"
8.2, 北京联合出版公司,10387,清明上河图密码,冶文彪
8.5, 北京时代华文书局,671,死灵之书,
6.8, 北京联合出版公司,10319,拉普拉斯的魔女,"[日]
            东野圭吾"
8.1, 中信出版社,36288,失恋33天,鲍鲸鲸
9.0, 上海文艺出版社,4723,海风中失落的血色馈赠,"[加拿大]
            阿利斯泰尔·麦克劳德"
7.2, 人民文学出版社,186,应物兄,
9.0, 北京大学出版社,11973,异乡人,"[法]
            阿尔贝·加缪"
8.1, 新世界出版社,20459,来不及说我爱你,匪我思存
7.7, 当代世界出版社,23607,圣女的救济,"[日]
            东野圭吾"
9.0, 春风文艺出版社,26784,我与地坛,史铁生
9.0, 江西人民出版社,6470,面纱,果麦文化
6.0, 北京联合出版公司,1119,危险的维纳斯,磨铁图书
7.9, 中国电影出版社,808,海棠依旧：知否？知否？应是绿肥红瘦（壹）,海棠依旧：知否？知否？应是绿肥红瘦
8.2, 人民文学出版社,16882,家,巴金
8.7, 江苏凤凰文艺出版社,1950,苹果酒屋的规则,读客
7.6, 朝华出版社,41020,原来你还在这里,辛夷坞
8.4, 上海人民出版社,14004,群山回唱,"[美]
            卡勒德·胡赛尼"
5.2, 百花洲文艺出版社,410,余生多关照,
7.1, 长江出版社,7059,龙族Ⅳ,龙族
9.1, 新星出版社,8060,罗杰疑案,"[英]
            阿加莎·克里斯蒂"
9.0, 南海出版公司,5673,失明症漫记,"[葡]
            若泽·萨拉马戈"
7.4, 中国青年出版社,77673,长安乱,韩寒
9.2, 四川文艺出版社,2408,一个叫欧维的男人决定去死,大鱼读品
7.3, 北京联合出版公司,8207,古董局中局 4,马伯庸
9.2, 上海译文出版社,1477,美丽新世界,译文经典（精装本）
8.6, 四川人民出版社,999,白天的房子，夜晚的房子,"[波兰]
            奥尔加·托卡尔丘克"
8.3, 中国电影出版社,22026,动物凶猛,王朔
8.0, 南海出版公司,13903,雪国,新经典文化
7.8, 湖南文艺出版社·向上文学品牌,4300,人间便利店,
8.3, 后浪丨民主与建设出版社,1884,断代,后浪
8.0, 晋江出版社,8896,镇魂,
9.0, 江苏文艺出版社,16647,永恒的终结,读客
8.5, 上海译文出版社,158488,不能承受的生命之轻,"[捷克]
            米兰·昆德拉"
8.6, 上海文艺出版社,10472,简爱,世界十大文学名著
8.5, 世界图书出版公司,130153,简爱（英文全本）,"[英]
            夏洛蒂·勃朗特"
8.2, 四川文艺出版社,1592,熊镇,大鱼读品
9.2, 译林出版社,32355,杀死一只知更鸟,"[美]
            哈珀·李"
8.9, 江苏凤凰文艺出版社,47280,巨人的陨落,读客
8.3, 上海译文出版社,80070,老人与海,"[美]
            欧内斯特·海明威"
9.3, 译林出版社,99702,飘,"[美]
            玛格丽特·米切尔"
8.7, 人民文学出版社,63060,白鹿原,陈忠实
9.0, 上海译文出版社,57342,局外人,"[法]
            阿尔贝·加缪"
9.2, 上海译文出版社,47895,动物农场,"[英]
            乔治·奥威尔"
8.9, 人民文学出版社,88696,哈利·波特与密室,"[英]
            J·K·罗琳"
8.5, 湖南文艺出版社,16680,长安十二时辰,博集天卷
9.0, 中国青年出版社,40849,城南旧事,关维兴 图
8.5, 上海译文出版社,63585,挪威的森林,"[日]
            村上春树"
8.5, 百花洲文艺出版社,11796,默读,默读
9.1, 人民文学出版社,51152,肖申克的救赎,"[美]
            斯蒂芬·金"
8.9, 人民文学出版社,91998,哈利·波特与阿兹卡班的囚徒,"[英]
            J·K·罗琳"
9.0, 上海译文出版社,64905,基督山伯爵,"[法]
            大仲马"
8.7, 上海译文出版社,62507,一个陌生女人的来信,"[奥地利]
            斯蒂芬·茨威格"
8.7, 人民文学出版社,11716,离开的，留下的,99读书人
9.0, 皇冠出版社,95924,撒哈拉的故事,三毛
8.9, 博集天卷 | 湖南文艺出版社,1319,莫斯科绅士,博集天卷
8.2, 外国文学出版社,67156,茶花女,"[法]
            小仲马"
8.1, 上海译文出版社,103378,情人,"[法]
            玛格丽特·杜拉斯"
8.0, 湖南文艺出版社,8045,云边有个小卖部,博集天卷
8.4, 理想国丨上海三联书店,2261,冬泳,理想国
8.9, 人民文学出版社,52809,无人生还,"[英]
            阿加莎·克里斯蒂"
8.7, 人民文学出版社,74066,哈利·波特与凤凰社,"[英]
            J·K·罗琳"
8.8, 世纪文景/上海人民出版社,20947,斯通纳,世纪文景
9.0, 生活·读书·新知三联书店,61829,笑傲江湖（全四册）,金庸
8.1, 安徽文艺出版社,50065,鬼吹灯之精绝古城,鬼吹灯
7.4, 中国华侨出版社,2965,知否知否应是绿肥红瘦,知否知否应是绿肥红瘦（典藏版）
8.9, 人民文学出版社,50606,呐喊,鲁迅作品集
9.0, 上海译文出版社,94365,月亮和六便士,"[英]
            威廉·萨默塞特·毛姆"
8.3, 北京联合出版公司,2692,大江大河四部曲,
8.4, 花城出版社,51944,红玫瑰与白玫瑰,张爱玲
9.1, 三联书店,69746,天龙八部,金庸作品集（三联版）
8.1, 北京联合出版公司,44787,一个人的朝圣,"[英]
            蕾秋·乔伊斯"
8.3, 人民文学出版社,55941,巴黎圣母院,中学生课外文学名著必读
9.0, 人民文学出版社,88542,哈利·波特与火焰杯,"[英]
            J·K·罗琳"
6.2, 百花洲文艺出版社,60138,摆渡人,"[英]
            克莱儿·麦克福尔"
8.4, 人民文学出版社,71548,呼啸山庄,世界文学名著文库
8.1, 北京燕山出版社,56703,羊脂球,世界文学文库（全译本）
7.8, 湖南文艺出版社,66378,偷影子的人,"[法]
            马克·李维"
8.4, 北京十月文艺出版社,26857,人生,路遥
9.0, 人民文学出版社,54608,东方快车谋杀案,"[英]
            阿加莎·克里斯蒂"
8.7, 上海书店出版社,42558,阿Q正传,
8.8, 人民文学出版社,29505,西游记（全二册）,吴承恩
8.8, 上海人民出版社,66142,灿烂千阳,"[美]
            卡勒德·胡赛尼"
9.2, 译林出版社,8761,杀死一只知更鸟,"[美]
            哈珀·李"
8.9, 上海译文出版社,2390,长日将尽,石黑一雄作品
9.2, 世纪文景|上海人民出版社,1232,奥古斯都,世纪文景
9.1, 中国海关出版社,48591,明朝那些事儿（1-9）,当年明月
8.1, 新星出版社,12066,漫长的告别,"[美]
            雷蒙德·钱德勒"
7.9, 天津人民出版社,711,时间的礼物,果麦文化
7.6, 南海出版公司,93330,放学后,新经典文化
9.0, 人民文学出版社,68890,哈利·波特与死亡圣器,"[英]
            J·K·罗琳"
7.9, 民主与建设出版社,1190,君子报恩,
8.8, 人民文学出版社,77677,哈利·波特与混血王子,"[英]
            J·K·罗琳"
8.6, 天津人民出版社,59247,情书,"[日]
            岩井俊二"
8.4, 江苏凤凰文艺出版社,7413,小小小小的火,读客
8.5, 作家出版社,77203,苏菲的世界,
9.0," 北京出版集团公司,北京十月文艺出版社",21631,平凡的世界,
9.0, 上海译文出版社,36400,刀锋,译文名著文库
8.7, 南海出版公司,83547,窗边的小豆豆,新经典文化
8.8, 生活·读书·新知三联书店,55832,神雕侠侣,金庸
8.6, 浦睿文化·湖南文艺出版社,254,全能侦探社,浦睿文化
8.3, 湖南文艺出版社,4645,山茶文具店,
9.0, 南海出版公司,13113,金色梦乡,"[日]
            伊坂幸太郎"
8.8, 湖南文艺出版社,28676,最好的我们,八月长安
8.4, 现代出版社,48620,华胥引（全二册）,唐七公子
7.5, 上海译文出版社,15573,刺杀骑士团长,
9.0, 四川文艺出版社,17094,一个叫欧维的男人决定去死,"[瑞典]
            弗雷德里克·巴克曼"
8.7, 北京联合出版公司,1751,小偷家族,文治图书
8.5, 人民文学出版社,31266,水浒传（全二册）,罗贯中
8.3, 译林出版社,36047,查令十字街84号,"[美]
            海莲·汉芙"
6.8, 新星出版社,39527,第七天,余华
8.9, 作家出版社,25053,许三观卖血记,余华
8.6, 北京十月文艺出版社,46301,半生缘,张爱玲
8.6, 重庆出版社,14974,美丽新世界,"[英]
            阿道司·赫胥黎"
7.4, 江苏凤凰文艺出版社,1286,夏摩山谷,果麦文化
6.6, 四川文艺出版社,2894,冷场,果麦文化
8.4, 人民文学出版社,36851,尘埃落定,阿来
9.2, 群众出版社,59053,福尔摩斯探案全集（上中下）,"[英]
            阿·柯南道尔"
8.9, 生活·读书·新知三联书店,41448,射雕英雄传（全四册）,金庸作品集（三联口袋本）
7.5, 凤凰出版社,17924,古董局中局,马伯庸
9.6, 后浪丨文化发展出版社,243,邦查女孩,后浪
8.9, 长江文艺出版社,4657,大江东去（共三部）,阿耐
9.0, 南海出版公司,39485,嫌疑人X的献身,"[日]
            东野圭吾"
9.1, 人民文学出版社,19546,白鹿原,
8.0, 江苏凤凰文艺出版社,2313,遮蔽的天空,读客
8.7, 南海出版公司,14917,恶意,"[日]
            东野圭吾"
8.6, 后浪丨四川人民出版社,2361,雨,"[马来西亚]
            黄锦树"
8.0, 天津人民出版社,12225,外婆的道歉信,"[瑞典]
            弗雷德里克·巴克曼"
8.7, 北京联合出版公司,14431,步履不停,"[日]
            是枝裕和"
8.7, 京华出版社,29103,狂人日记,鲁迅
7.6, 天津人民出版社,56963,皮囊,蔡崇达
8.9, 百花文艺出版社,27469,呼兰河传,现代文学名著原版珍藏
8.3, 上海文艺出版社,67418,兄弟（上）,余华
8.7, 四川科学技术出版社,34229,球状闪电,刘慈欣
6.8, 广东旅游出版社,439,楚楚很动人,楚楚很动人
8.5, 理想国 | 上海三联书店,327,无中生有,理想国
8.1, 译林出版社,49245,麦田里的守望者,J·D·塞林格
8.5, 江苏文艺出版社,35459,那些回不去的年少时光,桐华
8.4, 花城出版社,22843,第一炉香,张爱玲
8.0, 天津人民出版社,3651,清单人生,"[瑞典]
            弗雷德里克·巴克曼"
8.8, 江苏凤凰文艺出版社,1424,与罗摩相会,读客
8.2, 上海译文出版社,2695,华氏451,"[美]
            雷·布拉德伯里"
8.0, 新世界出版社,51458,喜宝,"[加拿大]
            亦舒"
8.7, 长江文艺出版社,24723,一句顶一万句,刘震云
8.7, 上海译文出版社,22889,罗生门,"[日]
            芥川龙之介"
8.6, 云南人民出版社,13117,长夜难明,紫金陈
8.2, 译林出版社,31770,红与黑,译林世界文学名著·古典系列
8.1, 人民文学出版社,23445,芳华,严歌苓作品在人文社
8.7, 生活·读书·新知三联书店,125378,我们仨,杨绛
8.5, 作家出版社,10975,兄弟,余华
6.2, 长江文艺出版社,92106,悲伤逆流成河,郭敬明
8.1, 上海译文出版社,21435,雾都孤儿,世界文学名著普及本（全译本）
7.5, 南海出版公司,51676,幻夜,"[日]
            东野圭吾"
8.1, 上海译文出版社,12538,远山淡影,"[英]
            石黑一雄"
8.3, 河北教育出版社,24665,项链,"[法]
            居伊·德·莫泊桑"
8.8, 上海文艺出版社,13090,繁花,
8.5, 三联书店,31786,倚天屠龙记(共四册),金庸
8.0, 中国友谊出版公司,593,蜜蜂与远雷,文治图书
7.9, 后浪丨江西人民出版社,97,写小说最重要的十件事,
7.7, 长江出版社,15609,龙族Ⅰ,龙族
8.7, 新星出版社,18683,无人生还,"[英]
            阿加莎·克里斯蒂"
9.0, 广西师范大学出版社,5465,强风吹拂,理想国
8.4, 浙江文艺出版社,27935,变形记,"[奥地利]
            弗朗茨·卡夫卡"
8.8, 外语教学与研究出版社,4998,夏日终曲,"[美]
            安德烈·艾席蒙"
8.7, 后浪丨四川人民出版社,495,猴子·罗汉池,后浪
9.3, 重庆出版社,12877,三体全集,科幻世界
8.2, 南海出版公司,34698,长恨歌,王安忆
8.6, 上海社会科学院出版社,37469,麦琪的礼物,"[美]
            欧·亨利"
8.2, 作家出版社,16737,人间失格,世界文学名著
8.5, 上海译文出版社,28756,夏洛的网,"[美]
            E·B·怀特"
8.7," 北京出版集团公司,北京十月文艺出版社",12548,倾城之恋,张爱玲
7.0, 湖南文艺出版社,90871,从你的全世界路过,博集天卷
8.0, 平心工作室,14774,魔道祖師 一,魔道祖師
7.6, 译林出版社,50280,钢铁是怎样炼成的,"[苏联]
            尼·奥斯特洛夫斯基"
7.9, 江苏文艺出版社,85325,微微一笑很倾城,顾漫
8.6, 译林出版社,36089,荆棘鸟,"[澳]
            考琳·麦卡洛"
8.5, 上海文化出版社,15790,盗墓笔记,
8.4, 后浪丨四川人民出版社,175,度外,后浪·华语文学
8.6, 译林出版社,14350,你一生的故事,"[美]
            特德·姜"
7.7, 南海出版公司,30445,时生,"[日]
            东野圭吾"
9.0, 龍馬文化,6279,殺破狼,
7.8, 朝华出版社,126908,何以笙箫默,顾漫
9.0, 广西师范大学出版社,7818,献给阿尔吉侬的花束,理想国
9.3, 上海三联书店,19479,动物庄园,壹力文库
8.5, 哈尔滨出版社,35537,金锁记,张爱玲
9.0, 上海人民出版社,16527,悉达多,"[德]
            赫尔曼·黑塞"
8.2, 广西师范大学出版社,33249,伊豆的舞女,"[日]
            川端康成"
7.7, 海南出版社,34229,秘密,"[日]
            东野圭吾"
9.1, 北京十月文艺出版社,28878,平凡的世界（全三册）,
7.5, 湖南文艺出版社,29607,虚无的十字架,"[日]
            东野圭吾"
8.9, 人民文学出版社,32813,悲惨世界（上中下）,"[法]
            雨果"
9.4, 上海译文出版社,9621,卡拉马佐夫兄弟,译文名著文库
8.4, 全本书店|作家出版社,5298,雪落香杉树,全本书店
7.9,,729,亿万斯年,
7.9, 国际文化出版公司,129009,1988：我想和这个世界谈谈,韩寒
9.1, 北京十月文艺出版社,631,偷书贼,新经典文化
9.1, 江苏文艺出版社,11439,教父,读客
9.1, 上海译文出版社,31433,月亮和六便士,傅惟慈
6.7, 百花洲文艺出版社,3065,少年的你，如此美丽,
8.7, 新星出版社,14529,无人生还,"[英]
            阿加莎·克里斯蒂"
9.0, 译林出版社,20963,教父,"[美]
            马里奥·普佐"
6.5, 浙江文艺出版社,1006,张大小姐,
7.6, 北京十月文艺出版社,5517,假面山庄,"[日]
            东野圭吾"
8.7, 南海出版公司,188,一起连环绑架案的新闻,新经典文化
8.3, 武汉出版社,24262,人间失格,太宰治
8.7, 中信出版集团,670,人生拼图版,"[法]
            乔治·佩雷克"
7.4, 江苏凤凰文艺出版社,35,尤利西斯,读客经典文库
7.7, 上海译文出版社,60116,洛丽塔,"[美]
            弗拉基米尔·纳博科夫"
9.1, 人民文学出版社,997,尤利西斯,"[爱尔兰]
            詹姆斯·乔伊斯"
8.9, 广西师范大学出版社,19683,台北人,白先勇
7.6, 九州出版社,5285,大裂,胡迁
8.1, 上海译文出版社,71701,海边的卡夫卡,"[日]
            村上春树"
8.0, 中国友谊出版公司,757,伯纳黛特，你要去哪,大鱼读品
8.7, 重庆,21592,面纱,"[英]
            威廉·萨默塞特·毛姆"
7.4, 江苏凤凰文艺出版社,1226,天谴者,法医秦明
8.3, 人民文学出版社,1711,十九年间谋杀小叙,
9.3, 作家出版社,171357,活着,余华作品（2012版）
